,Logistic regression,Random forest,Neural network
Accuracy (train),0.6856554434493444,0.6945924498356195,0.6878849864006042
Logistic loss (train),0.5859977351378967,0.5747271690078758,0.5823607444763184
AUC (train),0.7552977127977609,0.7686399068555518,0.7592748808744505
Accuracy (test),0.6880678376741369,0.6878407026044822,0.6867807507514954
Logistic loss (test),0.5834497432807241,0.582121057585912,0.5818703770637512
AUC (test),0.7576993193927217,0.7600666969085418,0.759844583298634
