,Logistic regression,Random forest,Neural network
Accuracy (train),0.6856554434493444,0.6945924498356195,0.6866946220397949
Logistic loss (train),0.5859977351378967,0.5747271690078758,0.5839613676071167
AUC (train),0.7552977127977609,0.7686399068555518,0.7583187560587457
Accuracy (test),0.6883706844336765,0.6882192610539067,0.6864022016525269
Logistic loss (test),0.5853669496571086,0.5815514588823205,0.5830190777778625
AUC (test),0.7571038522254558,0.7600264564434454,0.758880164949679
