,Logistic regression,Random forest,Neural network
Accuracy (train),0.6866946302384461,0.6951025960775422,0.6867513060569763
Logistic loss (train),0.5861781091004554,0.57444833162756,0.5839662551879883
AUC (train),0.7552013956085122,0.7687444948996578,0.758371899728354
Accuracy (test),0.6887492428831011,0.6888249545729861,0.6864778995513916
Logistic loss (test),0.5852139810049123,0.581042813495222,0.5831431746482849
AUC (test),0.7572215469874727,0.7602569162238917,0.7588382850582268
